{
    "vertices":[0,-0.634981,-1.53181,0,1.02146,-0.171716,0.19509,-0.641021,-1.51357,0.04271,1.02007,-0.167529,0.382683,-0.658908,-1.45955,0.083779,1.01596,-0.155131,0.55557,-0.687956,-1.37183,0.121628,1.0093,-0.134997,0.707107,-0.727047,-1.25377,0.154804,1.00033,-0.107901,0.83147,-0.77468,-1.10991,0.18203,0.989393,-0.074884,0.92388,-0.829023,-0.945788,0.202261,0.976921,-0.037216,0.980785,-0.88799,-0.767703,0.214719,0.963387,0.003656,1,-0.949313,-0.582502,0.218925,0.949313,0.046162,0.980785,-1.01064,-0.3973,0.214719,0.935239,0.088668,0.92388,-1.0696,-0.219215,0.202261,0.921705,0.129541,0.83147,-1.12395,-0.055092,0.18203,0.909233,0.167209,0.707107,-1.17158,0.088764,0.154804,0.8983,0.200225,0.55557,-1.21067,0.206823,0.121628,0.889329,0.227321,0.382683,-1.23972,0.294549,0.083779,0.882662,0.247455,0.19509,-1.25761,0.348571,0.04271,0.878556,0.259854,-0,-1.26364,0.366811,0,0.87717,0.26404,-0.195091,-1.25761,0.348571,-0.04271,0.878556,0.259854,-0.382684,-1.23972,0.294549,-0.083779,0.882662,0.247455,-0.555571,-1.21067,0.206823,-0.121628,0.889329,0.227321,-0.707107,-1.17158,0.088764,-0.154804,0.8983,0.200225,-0.83147,-1.12395,-0.055092,-0.18203,0.909233,0.167209,-0.92388,-1.0696,-0.219216,-0.202261,0.921705,0.129541,-0.980785,-1.01064,-0.397301,-0.214719,0.935239,0.088668,-1,-0.949313,-0.582502,-0.218925,0.949313,0.046162,-0.980785,-0.88799,-0.767704,-0.214719,0.963387,0.003656,-0.923879,-0.829023,-0.945789,-0.20226,0.976921,-0.037216,-0.831469,-0.774679,-1.10991,-0.18203,0.989393,-0.074884,-0.707106,-0.727047,-1.25377,-0.154803,1.00033,-0.107901,-0.555569,-0.687955,-1.37183,-0.121628,1.0093,-0.134997,-0.382682,-0.658908,-1.45955,-0.083779,1.01596,-0.155131,-0.195089,-0.641021,-1.51357,-0.04271,1.02007,-0.167529],
    "metadata":{
        "version":3,
        "faces":92,
        "generator":"io_three",
        "type":"Geometry",
        "uvs":0,
        "vertices":64,
        "normals":92
    },
    "uvs":[],
    "normals":[0.092307,-0.769506,-0.631934,0.273159,-0.734844,-0.620796,0.442947,-0.667092,-0.598988,0.594985,-0.56925,-0.567405,0.723519,-0.445496,-0.527307,0.823913,-0.300897,-0.480237,0.892721,-0.141107,-0.427947,0.927682,0.027865,-0.372331,0.927682,0.199847,-0.315385,0.892721,0.368621,-0.259168,0.823913,0.528042,-0.205763,0.72352,0.672158,-0.157235,0.594985,0.795387,-0.115553,0.442947,0.892744,-0.082502,0.273159,0.960123,-0.059567,0.092306,0.994582,-0.047818,-0.092307,0.994582,-0.047818,-0.27316,0.960123,-0.059567,-0.442947,0.892744,-0.082502,-0.594985,0.795387,-0.115553,-0.72352,0.672158,-0.157235,-0.823914,0.528042,-0.205764,-0.892721,0.368621,-0.259168,-0.927682,0.199846,-0.315385,-0.927682,0.027865,-0.372331,-0.89272,-0.141108,-0.427947,-0.823913,-0.300898,-0.480238,-0.723519,-0.445497,-0.527308,-0.594984,-0.56925,-0.567405,-0.442946,-0.667093,-0.598988,-1e-06,0.314333,-0.949313,1e-06,0.314335,-0.949312,5e-06,0.31434,-0.94931,9e-06,0.314337,-0.949311,-1e-06,0.314331,-0.949313,-6e-06,0.314333,-0.949313,-4e-06,0.314335,-0.949312,2e-06,0.314329,-0.949314,1e-06,0.314325,-0.949315,-1e-06,0.314329,-0.949314,0,0.314332,-0.949313,-0,0.314332,-0.949313,6e-06,0.314333,-0.949313,2e-06,0.314331,-0.949313,-3e-06,0.314334,-0.949312,1e-05,0.314319,-0.949317,-0,0.314331,-0.949313,-1e-06,0.314331,-0.949313,1e-06,0.314332,-0.949313,-0,0.314332,-0.949313,-0,0.314332,-0.949313,-1e-06,0.314331,-0.949313,-2e-06,0.314332,-0.949313,-1e-06,0.314333,-0.949313,-0,0.314332,-0.949313,0,0.314332,-0.949313,-0,0.314332,-0.949313,0,0.314332,-0.949313,-0,0.314332,-0.949313,0,0.314332,-0.949313,-0.273158,-0.734845,-0.620796,-0.092306,-0.769506,-0.631934,0,-0.314331,0.949314,-0,-0.314332,0.949313,1e-06,-0.314333,0.949313,3e-06,-0.314333,0.949313,2e-06,-0.314332,0.949313,1e-06,-0.314332,0.949313,-1e-06,-0.314333,0.949313,-1e-06,-0.314335,0.949312,0,-0.314335,0.949312,-1e-06,-0.31433,0.949314,-2e-06,-0.31433,0.949314,1e-06,-0.314333,0.949313,-2e-06,-0.314332,0.949313,1e-06,-0.314332,0.949313,3e-06,-0.31433,0.949314,1e-06,-0.31433,0.949314,0,-0.314332,0.949313,-1e-06,-0.314332,0.949313,1e-06,-0.314332,0.949313,0,-0.314332,0.949313,0,-0.314332,0.949313,0,-0.314332,0.949313,0,-0.314332,0.949313,-0,-0.314333,0.949313,0,-0.314332,0.949313,0,-0.314332,0.949313,0,-0.314332,0.949313,0,-0.314332,0.949313,-0,-0.314332,0.949313,-0,-0.314332,0.949313],
    "faces":[33,0,1,3,2,0,0,0,0,33,2,3,5,4,1,1,1,1,33,4,5,7,6,2,2,2,2,33,6,7,9,8,3,3,3,3,33,8,9,11,10,4,4,4,4,33,10,11,13,12,5,5,5,5,33,12,13,15,14,6,6,6,6,33,14,15,17,16,7,7,7,7,33,16,17,19,18,8,8,8,8,33,18,19,21,20,9,9,9,9,33,20,21,23,22,10,10,10,10,33,22,23,25,24,11,11,11,11,33,24,25,27,26,12,12,12,12,33,26,27,29,28,13,13,13,13,33,28,29,31,30,14,14,14,14,33,30,31,33,32,15,15,15,15,33,32,33,35,34,16,16,16,16,33,34,35,37,36,17,17,17,17,33,36,37,39,38,18,18,18,18,33,38,39,41,40,19,19,19,19,33,40,41,43,42,20,20,20,20,33,42,43,45,44,21,21,21,21,33,44,45,47,46,22,22,22,22,33,46,47,49,48,23,23,23,23,33,48,49,51,50,24,24,24,24,33,50,51,53,52,25,25,25,25,33,52,53,55,54,26,26,26,26,33,54,55,57,56,27,27,27,27,33,56,57,59,58,28,28,28,28,33,58,59,61,60,29,29,29,29,32,5,3,1,30,30,30,32,1,63,61,31,31,31,32,61,59,57,32,32,32,32,57,55,53,33,33,33,32,53,51,49,34,34,34,32,49,47,45,35,35,35,32,45,43,41,36,36,36,32,41,39,37,37,37,37,32,37,35,33,38,38,38,32,33,31,29,39,39,39,32,29,27,25,40,40,40,32,25,23,21,41,41,41,32,21,19,17,42,42,42,32,17,15,13,43,43,43,32,13,11,9,44,44,44,32,9,7,5,45,45,45,32,5,1,61,46,46,46,32,61,57,53,47,47,47,32,53,49,45,48,48,48,32,45,41,37,49,49,49,32,37,33,29,50,50,50,32,29,25,21,51,51,51,32,21,17,13,52,52,52,32,13,9,5,53,53,53,32,5,61,53,54,54,54,32,53,45,37,55,55,55,32,37,29,21,56,56,56,32,21,13,5,57,57,57,32,5,53,37,58,58,58,32,37,21,5,59,59,59,33,60,61,63,62,60,60,60,60,33,1,0,62,63,61,61,61,61,32,62,0,2,62,62,62,32,2,4,6,63,63,63,32,6,8,10,64,64,64,32,10,12,14,65,65,65,32,14,16,18,66,66,66,32,18,20,22,67,67,67,32,22,24,26,68,68,68,32,26,28,30,69,69,69,32,30,32,34,70,70,70,32,34,36,38,71,71,71,32,38,40,42,72,72,72,32,42,44,46,73,73,73,32,46,48,50,74,74,74,32,50,52,54,75,75,75,32,54,56,58,76,76,76,32,58,60,62,77,77,77,32,62,2,6,78,78,78,32,6,10,14,79,79,79,32,14,18,22,80,80,80,32,22,26,30,81,81,81,32,30,34,38,82,82,82,32,38,42,46,83,83,83,32,46,50,54,84,84,84,32,54,58,62,85,85,85,32,62,6,14,86,86,86,32,14,22,30,87,87,87,32,30,38,46,88,88,88,32,46,54,62,89,89,89,32,62,14,30,90,90,90,32,30,46,62,91,91,91],
    "name":"CylinderGeometry"
}