{
    "faces":[33,0,1,3,2,0,1,2,3,33,2,3,5,4,3,2,4,5,33,4,5,7,6,5,4,6,7,33,6,7,9,8,7,6,8,9,33,8,9,11,10,9,8,10,11,33,10,11,13,12,11,10,12,13,33,12,13,15,14,13,12,14,15,33,14,15,17,16,15,14,16,17,33,16,17,19,18,17,16,18,19,33,18,19,21,20,19,18,20,21,33,20,21,23,22,21,20,22,23,33,22,23,25,24,23,22,24,25,33,24,25,27,26,25,24,26,27,33,26,27,29,28,27,26,28,29,33,28,29,31,30,29,28,30,31,33,30,31,33,32,31,30,32,33,33,32,33,35,34,33,32,34,35,33,34,35,37,36,35,34,36,37,33,36,37,39,38,37,36,38,39,33,38,39,41,40,39,38,40,41,33,40,41,43,42,41,40,42,43,33,42,43,45,44,43,42,44,45,33,44,45,47,46,45,44,46,47,33,46,47,49,48,47,46,48,49,33,48,49,51,50,49,48,50,51,33,50,51,53,52,51,50,52,53,33,52,53,55,54,53,52,54,55,33,54,55,57,56,55,54,56,57,33,56,57,59,58,57,56,58,59,33,58,59,61,60,59,58,60,61,32,5,3,1,4,2,1,32,1,63,61,1,62,60,32,61,59,57,60,58,56,32,57,55,53,56,54,52,32,53,51,49,52,50,48,32,49,47,45,48,46,44,32,45,43,41,44,42,40,32,41,39,37,40,38,36,32,37,35,33,36,34,32,32,33,31,29,32,30,28,32,29,27,25,28,26,24,32,25,23,21,24,22,20,32,21,19,17,20,18,16,32,17,15,13,16,14,12,32,13,11,9,12,10,8,32,9,7,5,8,6,4,32,5,1,61,4,1,60,32,61,57,53,60,56,52,32,53,49,45,52,48,44,32,45,41,37,44,40,36,32,37,33,29,36,32,28,32,29,25,21,28,24,20,32,21,17,13,20,16,12,32,13,9,5,12,8,4,32,5,61,53,4,60,52,32,53,45,37,52,44,36,32,37,29,21,36,28,20,32,21,13,5,20,12,4,32,5,53,37,4,52,36,32,37,21,5,36,20,4,33,60,61,63,62,61,60,62,63,33,1,0,62,63,1,0,63,62,32,62,0,2,63,0,3,32,2,4,6,3,5,7,32,6,8,10,7,9,11,32,10,12,14,11,13,15,32,14,16,18,15,17,19,32,18,20,22,19,21,23,32,22,24,26,23,25,27,32,26,28,30,27,29,31,32,30,32,34,31,33,35,32,34,36,38,35,37,39,32,38,40,42,39,41,43,32,42,44,46,43,45,47,32,46,48,50,47,49,51,32,50,52,54,51,53,55,32,54,56,58,55,57,59,32,58,60,62,59,61,63,32,62,2,6,63,3,7,32,6,10,14,7,11,15,32,14,18,22,15,19,23,32,22,26,30,23,27,31,32,30,34,38,31,35,39,32,38,42,46,39,43,47,32,46,50,54,47,51,55,32,54,58,62,55,59,63,32,62,6,14,63,7,15,32,14,22,30,15,23,31,32,30,38,46,31,39,47,32,46,54,62,47,55,63,32,62,14,30,63,15,31,32,30,46,62,31,47,63],
    "vertices":[0,-0.634981,-1.53181,0,1.02146,-0.171716,0.19509,-0.641021,-1.51357,0.04271,1.02007,-0.167529,0.382683,-0.658908,-1.45955,0.083779,1.01596,-0.155131,0.55557,-0.687956,-1.37183,0.121628,1.0093,-0.134997,0.707107,-0.727047,-1.25377,0.154804,1.00033,-0.107901,0.83147,-0.77468,-1.10991,0.18203,0.989393,-0.074884,0.92388,-0.829023,-0.945788,0.202261,0.976921,-0.037216,0.980785,-0.88799,-0.767703,0.214719,0.963387,0.003656,1,-0.949313,-0.582502,0.218925,0.949313,0.046162,0.980785,-1.01064,-0.3973,0.214719,0.935239,0.088668,0.92388,-1.0696,-0.219215,0.202261,0.921705,0.129541,0.83147,-1.12395,-0.055092,0.18203,0.909233,0.167209,0.707107,-1.17158,0.088764,0.154804,0.8983,0.200225,0.55557,-1.21067,0.206823,0.121628,0.889329,0.227321,0.382683,-1.23972,0.294549,0.083779,0.882662,0.247455,0.19509,-1.25761,0.348571,0.04271,0.878556,0.259854,-0,-1.26364,0.366811,0,0.87717,0.26404,-0.195091,-1.25761,0.348571,-0.04271,0.878556,0.259854,-0.382684,-1.23972,0.294549,-0.083779,0.882662,0.247455,-0.555571,-1.21067,0.206823,-0.121628,0.889329,0.227321,-0.707107,-1.17158,0.088764,-0.154804,0.8983,0.200225,-0.83147,-1.12395,-0.055092,-0.18203,0.909233,0.167209,-0.92388,-1.0696,-0.219216,-0.202261,0.921705,0.129541,-0.980785,-1.01064,-0.397301,-0.214719,0.935239,0.088668,-1,-0.949313,-0.582502,-0.218925,0.949313,0.046162,-0.980785,-0.88799,-0.767704,-0.214719,0.963387,0.003656,-0.923879,-0.829023,-0.945789,-0.20226,0.976921,-0.037216,-0.831469,-0.774679,-1.10991,-0.18203,0.989393,-0.074884,-0.707106,-0.727047,-1.25377,-0.154803,1.00033,-0.107901,-0.555569,-0.687955,-1.37183,-0.121628,1.0093,-0.134997,-0.382682,-0.658908,-1.45955,-0.083779,1.01596,-0.155131,-0.195089,-0.641021,-1.51357,-0.04271,1.02007,-0.167529],
    "name":"CylinderGeometry",
    "metadata":{
        "faces":92,
        "version":3,
        "type":"Geometry",
        "uvs":0,
        "generator":"io_three",
        "normals":64,
        "vertices":64
    },
    "normals":[0,-0.967803,0.251625,0,-0.306436,-0.951872,0.116092,-0.295297,-0.948302,0.165197,-0.952239,0.256722,0.227363,-0.262398,-0.937773,0.323801,-0.906247,0.271737,0.329203,-0.209387,-0.920743,0.469527,-0.831782,0.29606,0.417676,-0.138646,-0.897916,0.596759,-0.731986,0.328715,0.489639,-0.053316,-0.870266,0.700736,-0.610889,0.368419,0.54268,0.043092,-0.838801,0.777703,-0.473342,0.413648,0.575121,0.147038,-0.804712,0.824946,-0.324534,0.462691,0.586016,0.254677,-0.769189,0.840877,-0.17011,0.513749,0.575121,0.362255,-0.733451,0.824946,-0.015717,0.564959,0.54268,0.465987,-0.698782,0.777703,0.132908,0.614399,0.489639,0.562181,-0.666463,0.700736,0.270302,0.660207,0.417676,0.647145,-0.637715,0.596759,0.391156,0.700613,0.329203,0.71749,-0.613819,0.469527,0.490707,0.73397,0.227363,0.770226,-0.595843,0.323801,0.564989,0.758873,0.116092,0.802911,-0.584674,0.165197,0.610859,0.774285,0,0.813959,-0.580859,0,0.626362,0.779504,-0.116092,0.802911,-0.584674,-0.165197,0.610859,0.774285,-0.227363,0.770226,-0.595843,-0.323801,0.564989,0.758873,-0.329203,0.71749,-0.613819,-0.469527,0.490707,0.73397,-0.417676,0.647145,-0.637715,-0.596759,0.391156,0.700613,-0.489639,0.562181,-0.666463,-0.700736,0.270302,0.660207,-0.54268,0.465987,-0.698782,-0.777703,0.132908,0.614399,-0.575121,0.362255,-0.733451,-0.824946,-0.015717,0.564959,-0.586016,0.254677,-0.769189,-0.840877,-0.17011,0.513749,-0.575121,0.147038,-0.804712,-0.824946,-0.324534,0.462691,-0.54268,0.043092,-0.838801,-0.777703,-0.473342,0.413648,-0.489639,-0.053316,-0.870266,-0.700736,-0.610889,0.368419,-0.417676,-0.138646,-0.897916,-0.596759,-0.731986,0.328715,-0.329203,-0.209387,-0.920743,-0.469527,-0.831782,0.29606,-0.227363,-0.262398,-0.937773,-0.323771,-0.906247,0.271737,-0.116092,-0.295297,-0.948302,-0.165197,-0.952239,0.256722],
    "uvs":[]
}