{
    "metadata":{
        "faces":220,
        "vertices":192,
        "normals":180,
        "materials":0,
        "type":"Geometry",
        "uvs":0,
        "generator":"io_three",
        "version":3
    },
    "normals":[0.888962,0.262015,-0.375626,0.922889,0.088318,-0.3748,0.92289,-0.088318,-0.3748,0.093035,-0.917804,-0.38598,0.275031,-0.880939,-0.385103,0.445144,-0.809184,-0.383495,0.596488,-0.706205,-0.381415,0.723469,-0.576894,-0.379192,0.821912,-0.42686,-0.377163,0.888962,-0.262015,-0.375626,0.821912,0.426859,-0.377163,0.723469,0.576894,-0.379192,0.596487,0.706205,-0.381415,0.445144,0.809184,-0.383495,0.275031,0.880939,-0.385104,0.093034,0.917804,-0.385981,-0.093035,0.917804,-0.385981,-0.275032,0.880938,-0.385104,-0.445145,0.809183,-0.383495,-0.596488,0.706205,-0.381415,-0.723469,0.576893,-0.379192,-0.821912,0.426859,-0.377163,-0.888962,0.262014,-0.375626,-0.92289,0.088318,-0.3748,-0.922889,-0.088319,-0.3748,-0.888962,-0.262016,-0.375626,-0.821912,-0.42686,-0.377163,-0.723468,-0.576895,-0.379192,-0.596486,-0.706206,-0.381415,-0.445144,-0.809184,-0.383495,0.080164,0.786907,-0.611842,-0.27503,-0.880939,-0.385103,-0.093034,-0.917804,-0.38598,0.09535,0.939148,-0.330014,-0.289068,0.908308,-0.302351,-0.938274,-0.089649,-0.334073,0.904314,0.266115,-0.333764,0.938274,-0.089647,-0.334073,-0.737845,0.587421,-0.332447,-0.4554,-0.826511,-0.330894,0.938274,0.089647,-0.334073,0.737845,0.587421,-0.332447,0.281696,-0.900852,-0.330323,-0.09535,0.939148,-0.330014,-0.904314,-0.266116,-0.333764,0.609315,-0.720244,-0.33164,0.609315,0.720244,-0.33164,-0.837026,0.434016,-0.333193,-0.281695,-0.900852,-0.330323,0.737845,-0.587421,-0.332447,-0.281697,0.900851,-0.330323,-0.837025,-0.434018,-0.333193,0.904314,-0.266116,-0.333764,0.455401,0.826511,-0.330894,-0.904314,0.266114,-0.333764,-0.095349,-0.939148,-0.330014,-0.455401,0.82651,-0.330894,-0.737844,-0.587422,-0.332447,0.4554,-0.826511,-0.330894,0.281696,0.900852,-0.330323,-0.938274,0.089647,-0.334073,0.837025,0.434017,-0.333193,0.09535,-0.939148,-0.330014,-0.609314,0.720244,-0.33164,-0.609313,-0.720245,-0.33164,0.837025,-0.434017,-0.333193,-0.750514,0.59215,-0.293406,0.911336,-0.263507,-0.316277,-0.098014,-0.948556,-0.301057,-0.465851,0.830739,-0.304722,0.465851,-0.830739,-0.304722,-0.620798,0.721027,-0.307783,0.845949,-0.430998,-0.314026,-0.748569,0.58557,-0.31105,0.289067,-0.908309,-0.30235,-0.845949,0.430997,-0.314026,0.748569,-0.58557,-0.311049,-0.911336,0.263505,-0.316278,0.098014,-0.948556,-0.301057,-0.944111,0.088632,-0.317487,0.911336,0.263507,-0.316277,-0.944111,-0.088634,-0.317487,0.748569,0.585571,-0.311049,-0.911335,-0.263508,-0.316277,0.620798,0.721026,-0.307783,-0.845948,-0.430998,-0.314026,0.465851,0.830739,-0.304722,0.845949,0.430998,-0.314026,-0.748568,-0.585571,-0.31105,0.289067,0.908309,-0.302351,0.944112,-0.088632,-0.317487,-0.620797,-0.721028,-0.307783,0.098013,0.948556,-0.301057,0.944112,0.088632,-0.317487,-0.46585,-0.83074,-0.304722,-0.098014,0.948556,-0.301057,0.620799,-0.721026,-0.307783,-0.289065,-0.908309,-0.302351,0,0,-1,0,0,-1,0,-0,-1,-0,0,-1,0.284908,-0.902954,-0.321717,-0.852926,0.438296,-0.283575,0.750514,-0.59215,-0.293405,-0.922695,0.269088,-0.27609,0.096351,-0.940491,-0.325873,-0.957997,0.090711,-0.272055,0.922694,0.26909,-0.27609,-0.957997,-0.090712,-0.272055,0.750514,0.59215,-0.293405,-0.922694,-0.269091,-0.27609,0.618502,0.724549,-0.304112,-0.852925,-0.438297,-0.283575,0.461337,0.829778,-0.314064,0.852926,0.438296,-0.283574,-0.750513,-0.592151,-0.293406,0.284908,0.902954,-0.321718,0.957997,-0.090711,-0.272055,-0.618501,-0.72455,-0.304113,0.09635,0.940491,-0.325873,0.957997,0.090711,-0.272055,-0.461336,-0.829779,-0.314064,-0.09635,0.940491,-0.325873,0.618502,-0.724548,-0.304112,-0.284906,-0.902954,-0.321718,-0.284909,0.902953,-0.321718,0.922694,-0.26909,-0.27609,-0.09635,-0.940491,-0.325873,-0.461338,0.829778,-0.314064,0.461337,-0.829779,-0.314064,-0.618502,0.724549,-0.304113,0.852926,-0.438296,-0.283574,0,0,1,1e-06,2e-06,1,-1e-06,2e-06,1,1e-06,2e-06,1,-1e-06,2e-06,1,0,0,1,0,0,1,-0,0,1,0,0,1,-0,0,1,-0,-0,1,0,-0,1,-0,-0,1,0,-0,1,-0,0,1,-0,0,1,-0.812968,-0.077413,-0.57714,0.781828,0.229292,-0.579802,0.385477,-0.697239,-0.604372,-0.631859,0.501339,-0.591112,-0.385477,-0.697239,-0.604372,0.720697,-0.372434,-0.584713,0.080165,-0.786907,-0.611842,-0.080165,0.786907,-0.611842,-0.781827,-0.229293,-0.579802,0.812968,-0.077412,-0.57714,0.518674,0.611027,-0.598016,-0.720698,0.372433,-0.584713,-0.2374,-0.75663,-0.609223,-0.237402,0.756629,-0.609223,-0.720697,-0.372434,-0.584713,0.237402,-0.75663,-0.609222,0.385477,0.697238,-0.604372,-0.781828,0.229292,-0.579802,0.631859,0.50134,-0.591112,-0.080164,-0.786907,-0.611842,0.631859,-0.50134,-0.591112,0.518674,-0.611027,-0.598015,-0.385478,0.697238,-0.604372,-0.631858,-0.501341,-0.591112,0.781828,-0.229292,-0.579802,0.237401,0.75663,-0.609223,-0.812968,0.077412,-0.57714,0.812968,0.077412,-0.57714,-0.518675,0.611027,-0.598016,-0.518673,-0.611028,-0.598016,0.720697,0.372433,-0.584713],
    "name":"ConeGeometry",
    "materials":[],
    "uvs":[],