{
    "uvs":[],
    "normals":[0.098018,-0.995185,0,0.290284,-0.956941,0,0.471397,-0.881921,0,0.634394,-0.77301,0,0.77301,-0.634394,0,0.881922,-0.471396,0,0.95694,-0.290284,0,0.995185,-0.098018,0,0.995185,0.098017,-0,0.95694,0.290285,-0,0.881922,0.471396,-0,0.77301,0.634394,-0,0.634394,0.77301,-0,0.471397,0.881921,-0,0.290284,0.956941,-0,0.098017,0.995185,-0,-0.098018,0.995185,-0,-0.290285,0.95694,-0,-0.471397,0.881921,-0,-0.634394,0.77301,-0,-0.77301,0.634393,-0,-0.881921,0.471397,-0,-0.956941,0.290282,-0,-0.995185,0.098017,-0,-0.995184,-0.098019,0,-0.95694,-0.290285,0,-0.881921,-0.471397,0,-0.77301,-0.634394,0,-0.634391,-0.773012,0,-0.471396,-0.881922,0,0,0,-1,0,0,-1,-0,0,-1,0,-0,-1,0,-0,-1,-0.290284,-0.956941,0,-0.098016,-0.995185,0,-0,0,1,0,0,1,0,-0,1,0,0,1],
    "faces":[33,0,1,3,2,0,0,0,0,33,2,3,5,4,1,1,1,1,33,4,5,7,6,2,2,2,2,33,6,7,9,8,3,3,3,3,33,8,9,11,10,4,4,4,4,33,10,11,13,12,5,5,5,5,33,12,13,15,14,6,6,6,6,33,14,15,17,16,7,7,7,7,33,16,17,19,18,8,8,8,8,33,18,19,21,20,9,9,9,9,33,20,21,23,22,10,10,10,10,33,22,23,25,24,11,11,11,11,33,24,25,27,26,12,12,12,12,33,26,27,29,28,13,13,13,13,33,28,29,31,30,14,14,14,14,33,30,31,33,32,15,15,15,15,33,32,33,35,34,16,16,16,16,33,34,35,37,36,17,17,17,17,33,36,37,39,38,18,18,18,18,33,38,39,41,40,19,19,19,19,33,40,41,43,42,20,20,20,20,33,42,43,45,44,21,21,21,21,33,44,45,47,46,22,22,22,22,33,46,47,49,48,23,23,23,23,33,48,49,51,50,24,24,24,24,33,50,51,53,52,25,25,25,25,33,52,53,55,54,26,26,26,26,33,54,55,57,56,27,27,27,27,33,56,57,59,58,28,28,28,28,33,58,59,61,60,29,29,29,29,32,5,3,1,30,30,30,32,1,63,61,30,30,30,32,61,59,57,30,30,30,32,57,55,53,30,30,30,32,53,51,49,30,30,30,32,49,47,45,31,31,31,32,45,43,41,30,30,30,32,41,39,37,30,30,30,32,37,35,33,31,31,31,32,33,31,29,30,30,30,32,29,27,25,30,30,30,32,25,23,21,30,30,30,32,21,19,17,30,30,30,32,17,15,13,31,31,31,32,13,11,9,30,30,30,32,9,7,5,30,30,30,32,5,1,61,32,32,32,32,61,57,53,31,31,31,32,53,49,45,30,30,30,32,45,41,37,31,31,31,32,37,33,29,30,30,30,32,29,25,21,31,31,31,32,21,17,13,33,33,33,32,13,9,5,31,31,31,32,5,61,53,32,32,32,32,53,45,37,30,30,30,32,37,29,21,30,30,30,32,21,13,5,31,31,31,32,5,53,37,30,30,30,32,37,21,5,34,34,34,33,60,61,63,62,35,35,35,35,33,1,0,62,63,36,36,36,36,32,62,0,2,37,37,37,32,2,4,6,38,38,38,32,6,8,10,38,38,38,32,10,12,14,38,38,38,32,14,16,18,39,39,39,32,18,20,22,38,38,38,32,22,24,26,38,38,38,32,26,28,30,40,40,40,32,30,32,34,38,38,38,32,34,36,38,38,38,38,32,38,40,42,38,38,38,32,42,44,46,38,38,38,32,46,48,50,40,40,40,32,50,52,54,38,38,38,32,54,56,58,38,38,38,32,58,60,62,40,40,40,32,62,2,6,38,38,38,32,6,10,14,38,38,38,32,14,18,22,38,38,38,32,22,26,30,40,40,40,32,30,34,38,38,38,38,32,38,42,46,38,38,38,32,46,50,54,38,38,38,32,54,58,62,38,38,38,32,62,6,14,38,38,38,32,14,22,30,40,40,40,32,30,38,46,38,38,38,32,46,54,62,38,38,38,32,62,14,30,39,39,39,32,30,46,62,40,40,40],
    "name":"Cylinder.001Geometry",
    "metadata":{
        "uvs":0,
        "generator":"io_three",
        "type":"Geometry",
        "normals":41,
        "faces":92,
        "vertices":64,
        "version":3
    },
    "vertices":[-0.279007,-2.20462,-0.319793,-0.279007,-0.764616,-0.319793,-0.262424,-2.20462,-0.31816,-0.262424,-0.764616,-0.31816,-0.246478,-2.20462,-0.313323,-0.246478,-0.764616,-0.313323,-0.231783,-2.20462,-0.305468,-0.231783,-0.764616,-0.305468,-0.218902,-2.20462,-0.294897,-0.218902,-0.764616,-0.294897,-0.208332,-2.20462,-0.282017,-0.208332,-0.764616,-0.282017,-0.200477,-2.20462,-0.267321,-0.200477,-0.764616,-0.267321,-0.19564,-2.20462,-0.251376,-0.19564,-0.764616,-0.251376,-0.194007,-2.20462,-0.234793,-0.194007,-0.764616,-0.234793,-0.19564,-2.20462,-0.21821,-0.19564,-0.764616,-0.21821,-0.200477,-2.20462,-0.202265,-0.200477,-0.764616,-0.202265,-0.208332,-2.20462,-0.18757,-0.208332,-0.764616,-0.18757,-0.218902,-2.20462,-0.174689,-0.218902,-0.764616,-0.174689,-0.231783,-2.20462,-0.164118,-0.231783,-0.764616,-0.164118,-0.246478,-2.20462,-0.156263,-0.246478,-0.764616,-0.156263,-0.262424,-2.20462,-0.151426,-0.262424,-0.764616,-0.151426,-0.279007,-2.20462,-0.149793,-0.279007,-0.764616,-0.149793,-0.295589,-2.20462,-0.151426,-0.295589,-0.764616,-0.151426,-0.311535,-2.20462,-0.156263,-0.311535,-0.764616,-0.156263,-0.32623,-2.20462,-0.164118,-0.32623,-0.764616,-0.164118,-0.339111,-2.20462,-0.174689,-0.339111,-0.764616,-0.174689,-0.349682,-2.20462,-0.18757,-0.349682,-0.764616,-0.18757,-0.357536,-2.20462,-0.202265,-0.357536,-0.764616,-0.202265,-0.362373,-2.20462,-0.21821,-0.362373,-0.764616,-0.218211,-0.364007,-2.20462,-0.234793,-0.364007,-0.764616,-0.234793,-0.362373,-2.20462,-0.251376,-0.362373,-0.764616,-0.251376,-0.357536,-2.20462,-0.267321,-0.357536,-0.764616,-0.267321,-0.349681,-2.20462,-0.282017,-0.349681,-0.764616,-0.282017,-0.339111,-2.20462,-0.294897,-0.339111,-0.764616,-0.294897,-0.32623,-2.20462,-0.305468,-0.32623,-0.764616,-0.305468,-0.311535,-2.20462,-0.313323,-0.311535,-0.764616,-0.313323,-0.295589,-2.20462,-0.31816,-0.295589,-0.764616,-0.31816]
}