{
    "metadata":{
        "normals":42,
        "generator":"io_three",
        "version":3,
        "type":"Geometry",
        "uvs":0,
        "vertices":64,
        "faces":92
    },
    "normals":[0.099328,-0.995055,0,0.293868,-0.955846,0,0.476325,-0.879269,0,0.639471,-0.768816,0,0.777161,-0.629302,0,0.884527,-0.46649,0,0.958009,-0.286737,0,0.995311,-0.096723,0,0.995311,0.096723,-0,0.958009,0.286737,-0,0.884527,0.46649,-0,0.777161,0.629302,-0,0.63947,0.768816,-0,0.476325,0.879269,-0,0.293867,0.955846,-0,0.099328,0.995055,-0,-0.099329,0.995055,-0,-0.293868,0.955846,-0,-0.476326,0.879269,-0,-0.639471,0.768815,-0,-0.777161,0.629301,-0,-0.884527,0.46649,-0,-0.95801,0.286736,-0,-0.995311,0.096723,-0,-0.995311,-0.096724,0,-0.958009,-0.286738,0,-0.884526,-0.466491,0,-0.77716,-0.629303,0,-0.63947,-0.768816,0,-0.476324,-0.87927,0,0,0,-1,0,0,-1,-0,0,-1,0,-0,-1,-0,0,-1,-0.293867,-0.955846,0,-0.099327,-0.995055,0,-0,0,1,0,0,1,0,-0,1,0,0,1,0,-0,1],
    "uvs":[],
    "name":"CylinderGeometry",
    "vertices":[0,0.030057,-0.256445,0,5.3101,-0.256445,0.049363,0.030057,-0.251518,0.049363,5.3101,-0.251518,0.09683,0.030057,-0.236924,0.09683,5.3101,-0.236925,0.140575,0.030057,-0.213226,0.140575,5.3101,-0.213227,0.178918,0.030057,-0.181334,0.178918,5.3101,-0.181334,0.210385,0.030057,-0.142473,0.210385,5.3101,-0.142474,0.233768,0.030057,-0.098137,0.233768,5.3101,-0.098138,0.248166,0.030057,-0.05003,0.248166,5.3101,-0.05003,0.253028,0.030057,-0,0.253028,5.3101,-0,0.248166,0.030057,0.05003,0.248166,5.3101,0.050029,0.233768,0.030057,0.098137,0.233768,5.3101,0.098137,0.210385,0.030057,0.142473,0.210385,5.3101,0.142473,0.178918,0.030057,0.181334,0.178918,5.3101,0.181333,0.140575,0.030057,0.213226,0.140575,5.3101,0.213226,0.09683,0.030057,0.236924,0.09683,5.3101,0.236924,0.049363,0.030057,0.251517,0.049363,5.3101,0.251517,-0,0.030057,0.256445,-0,5.3101,0.256444,-0.049363,0.030057,0.251517,-0.049363,5.3101,0.251517,-0.09683,0.030057,0.236924,-0.09683,5.3101,0.236924,-0.140575,0.030057,0.213226,-0.140575,5.3101,0.213226,-0.178918,0.030057,0.181334,-0.178918,5.3101,0.181333,-0.210385,0.030057,0.142473,-0.210385,5.3101,0.142473,-0.233768,0.030057,0.098137,-0.233768,5.3101,0.098137,-0.248166,0.030057,0.050029,-0.248166,5.3101,0.050029,-0.253028,0.030057,-0,-0.253028,5.3101,-1e-06,-0.248166,0.030057,-0.05003,-0.248166,5.3101,-0.050031,-0.233767,0.030057,-0.098138,-0.233767,5.3101,-0.098138,-0.210385,0.030057,-0.142474,-0.210385,5.3101,-0.142474,-0.178918,0.030057,-0.181334,-0.178918,5.3101,-0.181335,-0.140575,0.030057,-0.213227,-0.140575,5.3101,-0.213227,-0.096829,0.030057,-0.236925,-0.096829,5.3101,-0.236925,-0.049363,0.030057,-0.251518,-0.049363,5.3101,-0.251518],
    "faces":[33,0,1,3,2,0,0,0,0,33,2,3,5,4,1,1,1,1,33,4,5,7,6,2,2,2,2,33,6,7,9,8,3,3,3,3,33,8,9,11,10,4,4,4,4,33,10,11,13,12,5,5,5,5,33,12,13,15,14,6,6,6,6,33,14,15,17,16,7,7,7,7,33,16,17,19,18,8,8,8,8,33,18,19,21,20,9,9,9,9,33,20,21,23,22,10,10,10,10,33,22,23,25,24,11,11,11,11,33,24,25,27,26,12,12,12,12,33,26,27,29,28,13,13,13,13,33,28,29,31,30,14,14,14,14,33,30,31,33,32,15,15,15,15,33,32,33,35,34,16,16,16,16,33,34,35,37,36,17,17,17,17,33,36,37,39,38,18,18,18,18,33,38,39,41,40,19,19,19,19,33,40,41,43,42,20,20,20,20,33,42,43,45,44,21,21,21,21,33,44,45,47,46,22,22,22,22,33,46,47,49,48,23,23,23,23,33,48,49,51,50,24,24,24,24,33,50,51,53,52,25,25,25,25,33,52,53,55,54,26,26,26,26,33,54,55,57,56,27,27,27,27,33,56,57,59,58,28,28,28,28,33,58,59,61,60,29,29,29,29,32,5,3,1,30,30,30,32,1,63,61,31,31,31,32,61,59,57,30,30,30,32,57,55,53,30,30,30,32,53,51,49,30,30,30,32,49,47,45,30,30,30,32,45,43,41,30,30,30,32,41,39,37,30,30,30,32,37,35,33,30,30,30,32,33,31,29,31,31,31,32,29,27,25,30,30,30,32,25,23,21,30,30,30,32,21,19,17,30,30,30,32,17,15,13,30,30,30,32,13,11,9,30,30,30,32,9,7,5,30,30,30,32,5,1,61,32,32,32,32,61,57,53,31,31,31,32,53,49,45,30,30,30,32,45,41,37,30,30,30,32,37,33,29,30,30,30,32,29,25,21,30,30,30,32,21,17,13,33,33,33,32,13,9,5,30,30,30,32,5,61,53,34,34,34,32,53,45,37,30,30,30,32,37,29,21,30,30,30,32,21,13,5,30,30,30,32,5,53,37,30,30,30,32,37,21,5,33,33,33,33,60,61,63,62,35,35,35,35,33,1,0,62,63,36,36,36,36,32,62,0,2,37,37,37,32,2,4,6,38,38,38,32,6,8,10,38,38,38,32,10,12,14,38,38,38,32,14,16,18,39,39,39,32,18,20,22,38,38,38,32,22,24,26,38,38,38,32,26,28,30,38,38,38,32,30,32,34,40,40,40,32,34,36,38,38,38,38,32,38,40,42,38,38,38,32,42,44,46,38,38,38,32,46,48,50,38,38,38,32,50,52,54,38,38,38,32,54,56,58,38,38,38,32,58,60,62,38,38,38,32,62,2,6,38,38,38,32,6,10,14,38,38,38,32,14,18,22,41,41,41,32,22,26,30,38,38,38,32,30,34,38,38,38,38,32,38,42,46,38,38,38,32,46,50,54,38,38,38,32,54,58,62,38,38,38,32,62,6,14,38,38,38,32,14,22,30,38,38,38,32,30,38,46,40,40,40,32,46,54,62,40,40,40,32,62,14,30,39,39,39,32,30,46,62,38,38,38]
}